City_ID,City,Lat,Lng,Max Temp,Humidity,Cloudiness,Wind Speed,Country,Date
0,carnarvon,-24.8667,113.6333,31.33000000000004,32,21,2.39,AU,1712547376
1,adamstown,-25.066,-130.1015,23.890000000000043,87,77,4.15,PN,1712547312
2,edinburgh of the seven seas,-37.0676,-12.3116,18.450000000000045,95,100,7.26,SH,1712547153
3,petrozavodsk,61.7849,34.3469,5.82000000000005,100,100,8.94,RU,1712547868
4,taman',45.2117,36.7161,10.800000000000011,66,1,7.47,RU,1712547868
5,hawaiian paradise park,19.5933,-154.9731,22.80000000000001,94,100,3.09,US,1712547258
6,waitangi,-43.9535,-176.5597,13.230000000000018,80,100,0.89,NZ,1712547310
7,bilibino,68.0546,166.4372,-10.989999999999952,83,88,1.39,RU,1712547176
8,howrah,22.5892,88.3103,28.0,57,75,2.57,IN,1712547506
9,bam,29.106,58.357,25.910000000000025,8,69,2.77,IR,1712547868
10,wuwei,37.9281,102.6414,13.830000000000041,30,99,2.53,CN,1712547868
11,port-aux-francais,-49.35,70.2167,5.3799999999999955,62,75,8.02,TF,1712547336
12,san antonio de pale,-1.4014,5.6325,28.29000000000002,78,88,4.04,GQ,1712547242
13,pisco,-13.7,-76.2167,22.03000000000003,78,0,4.63,PE,1712547225
14,talnakh,69.4865,88.3972,-7.659999999999968,90,100,10.12,RU,1712547368
15,yellowknife,62.456,-114.3525,3.0100000000000477,89,20,4.63,CA,1712547314
16,uturoa,-16.7333,-151.4333,29.49000000000001,73,100,3.39,PF,1712547196
17,minas,-34.3759,-55.2377,14.470000000000027,93,0,2.68,UY,1712547496
18,saipan,15.1355,145.701,31.390000000000043,58,40,8.75,MP,1712547340
19,papatowai,-46.5619,169.4708,13.830000000000041,74,100,2.09,NZ,1712547334
20,college,64.8569,-147.8028,3.180000000000007,64,100,2.57,US,1712547305
21,pandan,14.0453,124.1694,29.720000000000027,68,51,4.66,PH,1712547542
22,arno,60.1167,18.6333,5.990000000000009,87,74,5.99,SE,1712547532
23,pico truncado,-46.7949,-67.9573,8.490000000000009,45,89,7.13,AR,1712547870
24,anaco,9.4389,-64.4728,27.33000000000004,63,16,5.21,VE,1712547870
25,tateyama,34.9833,139.8667,17.930000000000007,89,100,3.28,JP,1712547869
26,iqaluit,63.7506,-68.5145,-16.149999999999977,78,0,6.69,CA,1712547335
27,tchibanga,-2.85,11.0333,22.850000000000023,98,100,0.98,GA,1712547870
28,livingston,55.9029,-3.5226,7.160000000000025,77,20,5.14,GB,1712547525
29,thompson,55.7435,-97.8558,2.090000000000032,55,40,0.0,CA,1712547167
30,molchanovo,57.5817,83.7692,-1.8599999999999568,59,75,3.93,RU,1712547870
31,stanley,54.868,-1.6985,7.010000000000048,82,0,5.14,GB,1712547259
32,puerto natales,-51.7236,-72.4875,2.6899999999999977,75,100,2.53,CL,1712547309
33,lerwick,60.1545,-1.1494,8.0,74,82,13.36,GB,1712547318
34,chonchi,-42.6128,-73.8092,10.07000000000005,99,100,1.0,CL,1712547152
35,saint-philippe,-21.3585,55.7679,24.77000000000004,84,60,2.03,RE,1712547347
36,progreso,21.2833,-89.6667,29.5,76,0,6.14,MX,1712547239
37,ribeira grande,38.5167,-28.7,14.870000000000005,87,90,2.24,PT,1712547335
38,pangoa,-12.1167,-73.0,21.220000000000027,99,86,0.89,PE,1712547351
39,whitehorse,60.7161,-135.0538,2.430000000000007,51,75,4.63,CA,1712547055
40,mianwali,32.5741,71.5264,29.350000000000023,14,0,1.09,PK,1712547698
41,kailua-kona,19.6406,-155.9956,25.980000000000018,76,75,4.12,US,1712547290
42,souillac,-20.5167,57.5167,25.75,94,40,0.51,MU,1712547507
43,bethel,41.3712,-73.414,6.170000000000016,68,0,0.45,US,1712547337
44,west island,-12.1568,96.8225,28.99000000000001,79,40,7.72,CC,1712547322
45,gizo,-8.103,156.8419,28.78000000000003,72,100,4.36,SB,1712547561
46,zaraysk,54.7653,38.8836,9.060000000000002,90,100,4.18,RU,1712547873
47,grytviken,-54.2811,-36.5092,2.0300000000000296,71,2,2.53,GS,1712547310
48,prado,-17.3411,-39.2208,24.110000000000014,84,62,3.13,BR,1712547873
49,tamiahua,21.2667,-97.45,23.189999999999998,95,43,0.69,MX,1712547523
50,georgetown,5.4112,100.3354,33.960000000000036,61,20,3.09,MY,1712547311
51,berezovyy,51.6667,135.7,0.7400000000000091,56,100,2.07,RU,1712547874
52,hermanus,-34.4187,19.2345,17.110000000000014,91,100,8.55,ZA,1712547324
53,ushuaia,-54.8,-68.3,1.8100000000000023,93,100,1.03,AR,1712547286
54,puerto ayora,-0.7393,-90.3518,24.189999999999998,98,76,0.88,EC,1712547163
55,changji,44.0167,87.3167,16.439999999999998,39,0,1.0,CN,1712547334
56,qaqortoq,60.7167,-46.0333,-5.259999999999991,94,100,0.68,GL,1712547168
57,punta gorda,26.9298,-82.0454,21.110000000000014,76,0,6.26,US,1712547624
58,york,40.1254,-77.0,7.8799999999999955,60,0,2.06,US,1712547702
59,hinton,53.4001,-117.5857,0.010000000000047748,76,27,1.78,CA,1712547874
60,wenatchee,47.4235,-120.3103,11.160000000000025,52,0,5.66,US,1712547875
61,brookhaven,31.5791,-90.4407,20.140000000000043,89,99,3.38,US,1712547741
62,fort bragg,35.139,-79.006,11.78000000000003,69,0,0.0,US,1712547200
63,isangel,-19.55,169.2667,29.060000000000002,70,75,1.03,VU,1712547318
64,constantia,44.1833,28.65,8.379999999999995,87,1,3.59,RO,1712547245
65,hamilton,39.1834,-84.5333,16.689999999999998,35,100,6.69,US,1712547099
66,bayan,46.0833,127.4,1.0,21,68,6.67,CN,1712547875
67,st. john's,47.5649,-52.7093,1.650000000000034,94,100,8.94,CA,1712547215
68,invercargill,-46.4,168.35,18.900000000000034,71,87,2.68,NZ,1712547331
69,egilsstadir,65.2653,-14.3948,-0.049999999999954525,100,100,11.32,IS,1712547204
70,ilha de mocambique,-15.0342,40.7358,27.210000000000036,75,99,5.45,MZ,1712547507
71,kruisfontein,-34.0033,24.7314,16.32000000000005,95,100,1.06,ZA,1712547379
72,murun-kuren,49.6342,100.1625,10.680000000000007,49,95,1.37,MN,1712547876
73,haiku-pauwela,20.9219,-156.3051,24.010000000000048,64,40,10.29,US,1712547511
74,lompoc,34.6391,-120.4579,12.100000000000023,82,0,9.26,US,1712547381
75,jiexiu,37.0244,111.9125,21.860000000000014,29,43,2.11,CN,1712547353
76,aban,56.67,96.06,-2.4699999999999704,50,21,3.0,RU,1712547512
77,lyantor,61.6195,72.1555,-2.829999999999984,96,100,8.62,RU,1712547876
78,longyearbyen,78.2186,15.6401,-18.089999999999975,78,40,4.63,SJ,1712547161
79,port mathurin,-19.6833,63.4167,26.980000000000018,81,15,4.66,MU,1712547161
80,lebu,-37.6167,-73.65,12.930000000000007,98,100,1.85,CL,1712547177
81,mana,5.6592,-53.7767,26.010000000000048,83,90,3.56,GF,1712547359
82,tralee,52.2704,-9.7026,6.4500000000000455,88,100,0.66,IE,1712547165
83,vila velha,-20.3297,-40.2925,22.970000000000027,96,20,1.03,BR,1712547272
84,mcminnville,45.2101,-123.1987,9.740000000000009,91,92,2.0,US,1712547754
85,kavieng,-2.5744,150.7967,28.54000000000002,77,96,4.0,PG,1712547314
86,muang khong,14.1167,105.85,40.700000000000045,28,30,1.07,LA,1712547385
87,albany,42.6001,-73.9662,4.770000000000039,68,0,1.87,US,1712547115
88,tura,25.5198,90.2201,31.640000000000043,32,100,3.13,IN,1712547314
89,tazovsky,67.4667,78.7,-3.669999999999959,94,100,7.37,RU,1712547342
90,crane,31.3974,-102.3501,18.220000000000027,12,5,1.92,US,1712547338
91,hotan,37.0997,79.9269,18.120000000000005,20,4,2.34,CN,1712547360
92,lame,10.4415,9.2396,25.160000000000025,27,64,1.64,NG,1712547878
93,chanute,37.6792,-95.4572,15.82000000000005,47,0,4.63,US,1712547878
94,lusambo,-4.9667,23.45,21.49000000000001,93,100,0.64,CD,1712547878
95,tiksi,71.6872,128.8694,-12.389999999999986,78,6,7.98,RU,1712547155
96,blackmans bay,-43.0167,147.3167,17.629999999999995,51,97,2.24,AU,1712547166
97,badger,64.8,-147.5333,3.140000000000043,66,0,2.57,US,1712547177
98,cockburn town,21.4612,-71.1419,24.439999999999998,71,5,5.58,TC,1712547207
99,kapuskasing,49.4169,-82.4331,4.050000000000011,74,0,1.03,CA,1712547313
100,chegdomyn,51.1167,133.0167,-4.449999999999989,84,100,2.95,RU,1712547527
101,villa gesell,-37.2639,-56.973,16.480000000000018,92,1,5.29,AR,1712547299
102,wailua homesteads,22.0669,-159.378,26.24000000000001,78,100,7.2,US,1712547156
103,port hedland,-20.3167,118.5667,36.03000000000003,13,100,9.77,AU,1712547879
104,ar ruways,24.1103,52.7306,25.80000000000001,49,70,5.76,AE,1712547879
105,port elizabeth,-33.918,25.5701,17.400000000000034,91,0,7.2,ZA,1712547326
106,ust-nera,64.5667,143.2,-5.789999999999964,84,91,2.04,RU,1712547352
107,callao,-12.0667,-77.15,24.29000000000002,78,0,4.63,PE,1712547514
108,el bolson,-41.9667,-71.5167,12.140000000000043,99,100,2.22,AR,1712547880
109,garachico,28.7781,-17.7646,16.060000000000002,63,0,2.06,ES,1712547880
110,callaway,30.153,-85.5699,18.840000000000032,80,0,3.6,US,1712547721
111,namibe,-15.1961,12.1522,21.650000000000034,79,89,2.07,AO,1712547213
112,port douglas,-16.4833,145.4667,28.420000000000016,72,100,2.95,AU,1712547333
113,kot malik barkhurdar,30.1944,66.993,19.80000000000001,15,13,0.43,PK,1712547880
114,berezniki,59.4152,56.8124,-1.7699999999999818,87,100,1.91,RU,1712547880
115,alakurtti,66.9672,30.3491,-6.1299999999999955,95,98,2.38,RU,1712547880
116,rawala kot,33.8578,73.7604,18.53000000000003,31,0,1.79,PK,1712547881
117,avarua,-21.2078,-159.775,26.03000000000003,94,75,2.06,CK,1712547160
118,pachino,36.7186,15.0907,15.560000000000002,58,0,3.58,IT,1712547603
119,arawa,-6.2132,155.5367,27.939999999999998,86,100,2.35,PG,1712547354
120,naze,28.3667,129.4833,21.510000000000048,95,100,2.78,JP,1712547343
121,arraial do cabo,-22.9661,-42.0278,24.05000000000001,86,7,5.76,BR,1712547278
122,puerto aysen,-45.4,-72.7,5.640000000000043,95,100,1.85,CL,1712547525
123,salinopolis,-0.6136,-47.3561,25.870000000000005,89,100,3.94,BR,1712547518
124,bredasdorp,-34.5322,20.0403,18.24000000000001,92,100,8.94,ZA,1712547256
125,port alfred,-33.5906,26.891,17.32000000000005,91,100,1.34,ZA,1712547354
126,kenai,60.5544,-151.2583,4.050000000000011,62,0,4.12,US,1712547881
127,mitu,1.1983,-70.1733,22.79000000000002,98,76,0.68,CO,1712547882
128,happy valley-goose bay,53.3168,-60.3315,0.17000000000001592,43,75,1.54,CA,1712547524
129,atar,20.5169,-13.0499,21.75,38,0,4.57,MR,1712547882
130,basco,20.4487,121.9702,27.410000000000025,81,18,7.6,PH,1712547542
131,arroio do meio,-29.4011,-51.945,22.150000000000034,96,100,0.37,BR,1712547882
132,mao,39.8885,4.2658,18.310000000000002,77,0,4.12,ES,1712547882
133,las cruces,32.3123,-106.7783,15.75,16,89,2.35,US,1712547633
134,sitka,57.0531,-135.33,3.9399999999999977,81,100,6.17,US,1712547170
135,cabo san lucas,22.8909,-109.9124,21.53000000000003,61,0,4.63,MX,1712547334
136,anadyr,64.75,177.4833,-11.71999999999997,78,40,6.0,RU,1712547367
137,luga,58.7372,29.8453,8.53000000000003,95,47,3.32,RU,1712547882
138,pavlogradka,54.2024,73.5592,4.340000000000032,78,88,6.14,RU,1712547883
139,gadzhiyevo,69.2551,33.3362,-5.409999999999968,86,100,6.43,RU,1712547334
140,utrik,11.2278,169.8474,26.939999999999998,83,100,9.3,MH,1712547180
141,saint-francois,46.4154,3.9054,10.360000000000014,93,0,1.54,FR,1712547358
142,lexington,37.9887,-84.4777,17.0,42,75,4.63,US,1712547846
143,petropavlovsk-kamchatsky,53.0452,158.6483,5.330000000000041,82,40,5.0,RU,1712547347
144,prince rupert,54.3161,-130.3201,5.830000000000041,91,100,10.29,CA,1712547342
145,okhotsk,59.3833,143.3,-0.9599999999999795,96,100,5.63,RU,1712547371
146,lihue,21.9789,-159.3672,26.58000000000004,72,100,7.2,US,1712547351
147,jamestown,42.097,-79.2353,8.800000000000011,47,0,5.14,US,1712547056
148,parauapebas,-6.0675,-49.9022,23.05000000000001,98,100,0.9,BR,1712547884
149,nogliki,51.8333,143.1667,3.5200000000000387,63,98,2.24,RU,1712547884
150,gebeit,21.0667,36.3167,18.600000000000023,39,33,2.14,SD,1712547357
151,bakanas,44.8081,76.2772,16.910000000000025,43,56,6.73,KZ,1712547884
152,vredendal,-31.6683,18.5012,13.54000000000002,90,67,0.66,ZA,1712547884
153,usogorsk,63.4106,48.6872,-5.189999999999998,96,100,4.0,RU,1712547387
154,bandar,2.05,99.75,29.82000000000005,68,85,1.28,ID,1712547884
155,tynda,55.1667,124.7167,-5.519999999999982,75,55,2.76,RU,1712547884
156,polyarnyy,69.1989,33.4478,-5.92999999999995,87,100,5.81,RU,1712547191
157,touros,-5.1989,-35.4608,25.480000000000018,91,43,3.58,BR,1712547185
158,horta,38.5333,-28.6333,14.450000000000045,87,91,2.24,PT,1712547548
159,chernyshevskiy,63.0128,112.4714,-4.739999999999952,96,100,5.86,RU,1712547520
160,nagato,34.3833,131.2,14.990000000000009,95,100,1.48,JP,1712547885
161,iskateley,67.6803,53.1512,-11.659999999999968,90,55,4.92,RU,1712547197
162,isafjordur,66.0755,-23.124,-4.979999999999961,85,96,10.98,IS,1712547335
163,tolanaro,-25.0319,46.9987,23.04000000000002,88,75,6.17,MG,1712547348
164,luwuk,-0.9516,122.7875,27.460000000000036,83,100,0.76,ID,1712547885
165,kiama,-34.6833,150.8667,23.54000000000002,74,90,3.12,AU,1712547885
166,sungai penuh,-2.0833,101.3833,21.08000000000004,94,100,1.22,ID,1712547885
167,mount isa,-20.7333,139.5,29.870000000000005,26,5,4.63,AU,1712547391
168,al wajh,26.2455,36.4525,18.970000000000027,63,0,1.54,SA,1712547886
169,kangding,30.0513,101.9603,8.930000000000007,100,100,2.06,CN,1712547524
170,ar rutbah,33.0381,40.2848,15.510000000000048,45,1,1.78,IQ,1712547886
171,misratah,32.3754,15.0925,17.230000000000018,51,0,0.92,LY,1712547886
172,dhidhdhoo,6.8833,73.1,29.04000000000002,72,73,2.84,MV,1712547886
173,thurso,58.5927,-3.5259,7.140000000000043,66,83,11.94,GB,1712547351
174,lakatoro,-16.0999,167.4164,28.30000000000001,72,56,3.86,VU,1712547886
175,hoemul-li,41.4339,129.67,10.670000000000016,58,100,4.93,KP,1712547886
176,nagqu,31.5,92.0,3.840000000000032,13,100,6.58,CN,1712547505
177,labuan,5.2767,115.2417,31.200000000000045,70,20,1.03,MY,1712547886
178,margate,51.3813,1.3862,9.830000000000041,88,69,0.89,GB,1712547411
179,kemijarvi,66.7131,27.4306,-6.839999999999975,96,87,2.43,FI,1712547887
180,ilulissat,69.2167,-51.1,-9.989999999999952,85,100,1.54,GL,1712547157
181,al muwayh,22.4333,41.7583,23.170000000000016,54,98,1.13,SA,1712547887
182,pacific grove,36.6177,-121.9166,12.460000000000036,80,75,6.71,US,1712547887
183,thames,-37.1333,175.5333,19.600000000000023,53,59,3.46,NZ,1712547887
184,shimoda,34.6667,138.95,19.200000000000045,91,100,5.2,JP,1712547366
185,port lincoln,-34.7333,135.8667,17.890000000000043,67,74,7.39,AU,1712547308
186,lalibela,12.0333,39.0333,18.02000000000004,55,74,0.92,ET,1712547888
187,yeppoon,-23.1333,150.7333,26.879999999999995,76,26,4.28,AU,1712547345
188,nicoya,10.1483,-85.452,26.730000000000018,73,100,3.76,CR,1712547259
189,igarka,67.4667,86.5833,-5.5499999999999545,83,100,7.15,RU,1712547549
190,kone,-21.0595,164.8658,30.760000000000048,45,100,2.04,NC,1712547397
191,klyuchi,52.2667,79.1667,7.850000000000023,71,100,3.5,RU,1712547157
192,ribeira brava,32.65,-17.0667,18.730000000000018,83,47,6.17,PT,1712547515
193,stanthorpe,-28.6667,151.95,22.460000000000036,63,0,4.01,AU,1712547888
194,atafu village,-8.5421,-172.5159,29.53000000000003,74,47,3.41,TK,1712547168
195,timimoun,29.2639,0.231,23.210000000000036,11,0,3.09,DZ,1712547365
196,shira,54.4911,89.9531,0.4900000000000091,65,98,2.73,RU,1712547890
197,puerto baquerizo moreno,-0.9,-89.6,25.060000000000002,88,70,1.25,EC,1712547525
198,medicine hat,50.0501,-110.6683,4.010000000000048,89,100,2.06,CA,1712547890
199,okha,53.5739,142.9478,-1.5299999999999727,92,70,10.28,RU,1712547545
200,cabinda,-5.55,12.2,26.29000000000002,88,100,0.53,AO,1712547890
201,melekeok village,7.4957,134.6367,31.310000000000002,66,75,6.17,PW,1712547890
202,sarankhola,22.3082,89.7897,32.23000000000002,39,94,1.47,BD,1712547615
203,parabel',58.6978,81.4825,-2.4899999999999523,69,90,5.09,RU,1712547782
204,sola,-13.8833,167.55,31.370000000000005,74,75,2.06,VU,1712547344
205,bhamo,24.2667,97.2333,37.60000000000002,20,29,1.02,MM,1712547891
206,ancud,-41.8697,-73.8203,13.160000000000025,98,100,5.54,CL,1712547317
207,flying fish cove,-10.4217,105.6791,28.82000000000005,69,100,5.14,CX,1712547325
208,margaret river,-33.95,115.0667,22.890000000000043,38,3,3.99,AU,1712547324
209,radford,37.1318,-80.5764,11.510000000000048,53,75,1.54,US,1712547891
210,mermoz boabab,14.7065,-17.4758,19.879999999999995,94,0,5.14,SN,1712547891
211,vadso,70.0744,29.7487,-1.9099999999999682,74,75,9.77,NO,1712547342
212,conception bay south,47.4999,-52.9981,1.5200000000000387,96,100,8.47,CA,1712547892
213,kununurra,-15.7667,128.7333,31.99000000000001,33,6,3.6,AU,1712547360
214,queenstown,-31.8976,26.8753,13.189999999999998,98,100,1.13,ZA,1712547309
215,kuruman,-27.4524,23.4325,16.29000000000002,90,96,9.2,ZA,1712547892
216,cacoal,-11.4386,-61.4472,22.57000000000005,97,78,1.43,BR,1712547601
217,tazacorte,28.629,-17.9293,17.54000000000002,63,0,2.57,ES,1712547382
218,keflavik,64.0049,-22.5624,0.9500000000000455,74,75,10.29,IS,1712547160
219,palikir - national government center,6.9248,158.1611,27.410000000000025,83,100,4.63,FM,1712547531
220,esme,38.3998,28.969,5.2000000000000455,68,34,2.58,TR,1712547892
221,greymouth,-42.4667,171.2,15.800000000000011,65,0,1.6,NZ,1712547330
222,saudarkrokur,65.7461,-19.6394,-1.7899999999999636,91,99,10.11,IS,1712547350
223,ponot,8.452,123.0222,30.100000000000023,65,61,7.04,PH,1712547893
224,dunhua,43.3725,128.2425,5.060000000000002,24,10,7.44,CN,1712547893
225,luanda,-8.8368,13.2343,26.0,95,40,1.54,AO,1712547344
226,iron river,46.0927,-88.6423,4.75,90,100,5.02,US,1712547893
227,punta arenas,-53.15,-70.9167,1.0600000000000023,86,40,14.92,CL,1712547117
228,hasaki,35.7333,140.8333,22.379999999999995,76,100,4.23,JP,1712547192
229,pagar alam,-4.0167,103.2667,28.680000000000007,66,82,1.42,ID,1712547893
230,yuci,37.6803,112.7319,19.860000000000014,30,0,2.0,CN,1712547894
231,kodiak,57.79,-152.4072,3.730000000000018,81,40,3.09,US,1712547152
232,outjo,-20.1167,16.15,15.350000000000023,35,32,2.27,NA,1712547894
233,pemba,-12.974,40.5178,26.390000000000043,94,20,3.13,MZ,1712547894
234,necochea,-38.5473,-58.7368,16.28000000000003,72,75,4.24,AR,1712547300
235,hammerfest,70.6634,23.6821,-3.75,80,100,8.75,NO,1712547354
236,mayahi,13.9553,7.6712,28.720000000000027,19,45,3.8,NE,1712547895
237,tamandare,-8.7597,-35.1047,26.360000000000014,84,84,2.39,BR,1712547895
238,atani,6.0294,6.7472,26.170000000000016,89,100,2.05,NG,1712547895
239,lewistown,40.5992,-77.5714,8.420000000000016,81,0,0.0,US,1712547686
240,piti village,13.4626,144.6933,31.05000000000001,69,13,7.8,GU,1712547343
241,axim,4.8699,-2.2405,27.470000000000027,86,66,2.84,GH,1712547554
242,san policarpio,12.0675,124.5625,28.660000000000025,72,87,2.0,PH,1712547895
243,berriane,32.8265,3.7669,19.450000000000045,23,100,3.02,DZ,1712547895
244,minas de marcona,-15.2119,-75.1103,17.360000000000014,81,92,3.97,PE,1712547389
245,udachny,66.4167,112.4,-12.529999999999973,67,9,2.25,RU,1712547171
246,castillos,-34.1667,-53.8333,16.900000000000034,80,1,2.51,UY,1712547338
247,afaahiti,-17.75,-149.2833,28.920000000000016,80,85,3.83,PF,1712547356
248,hadithah,34.1397,42.3781,19.010000000000048,74,61,3.36,IQ,1712547896
249,malmberget,67.1753,20.6549,-6.689999999999998,93,75,1.03,SE,1712547896
250,oppdal,62.5943,9.6912,-1.5399999999999636,93,44,6.04,NO,1712547508
251,cheremushki,52.8356,91.3944,5.050000000000011,94,100,1.14,RU,1712547896
252,sechura,-5.5569,-80.8222,23.58000000000004,73,34,4.81,PE,1712547481
253,akdepe,42.0551,59.3788,15.050000000000011,53,100,3.89,TM,1712547896
254,kingston,17.997,-76.7936,28.53000000000003,79,20,2.06,JM,1712547896
255,recani,31.2846,-4.2688,21.58000000000004,12,63,3.11,MA,1712547896
256,kavaratti,10.5669,72.642,29.350000000000023,70,70,2.65,IN,1712547313
257,bayanhongor,46.7167,100.1167,3.7200000000000273,43,100,1.06,MN,1712547897
258,padina,45.1181,20.7272,16.82000000000005,59,27,6.65,RS,1712547897
259,la ronge,55.1001,-105.2842,10.140000000000043,53,100,1.54,CA,1712547371
260,vila franca do campo,37.7167,-25.4333,14.230000000000018,93,96,2.31,PT,1712547355
261,jaciara,-15.9653,-54.9683,22.82000000000005,95,100,1.37,BR,1712547897
262,taksimo,56.3444,114.8794,-5.519999999999982,64,54,1.31,RU,1712547897
263,korsholm,63.1142,21.6822,3.9700000000000273,94,0,3.6,FI,1712547897
264,robore,-18.3333,-59.75,24.920000000000016,83,100,1.14,BO,1712547392
265,ijebu-igbo,6.9798,4.0033,23.370000000000005,90,100,0.81,NG,1712547898
266,new norfolk,-42.7826,147.0587,18.29000000000002,53,87,3.42,AU,1712547176
267,majene,-3.5403,118.9707,28.850000000000023,78,51,1.32,ID,1712547898
268,lorengau,-2.0226,147.2712,28.910000000000025,73,100,2.94,PG,1712547361
269,malango,-2.9627,119.9001,30.100000000000023,52,95,1.67,ID,1712547336
270,dombarovskiy,50.7587,59.5386,6.110000000000014,89,65,4.02,RU,1712547898
271,suva,-18.1416,178.4415,28.710000000000036,74,75,5.14,FJ,1712547898
272,remire-montjoly,4.9167,-52.2667,24.02000000000004,100,20,1.03,GF,1712547187
273,hancheng,32.5186,112.3522,21.28000000000003,57,100,2.82,CN,1712547899
274,nemuro,43.3236,145.575,4.8700000000000045,99,100,5.85,JP,1712547168
275,olonkinbyen,70.9221,-8.7187,-3.9899999999999523,67,100,9.21,SJ,1712547319
276,caleta de carquin,-11.0925,-77.6267,22.150000000000034,84,98,3.33,PE,1712547389
277,chibougamau,49.9168,-74.3659,-2.2099999999999795,64,0,0.0,CA,1712547250
278,kiboga,0.9161,31.7742,16.960000000000036,99,100,0.9,UG,1712547899
279,lagoa,39.05,-27.9833,13.810000000000002,71,91,3.44,PT,1712547899
280,carriere,10.0341,-12.8657,23.640000000000043,79,46,1.37,GN,1712547899
281,stornoway,58.2093,-6.3865,7.980000000000018,84,75,11.83,GB,1712547899
282,nguigmi,14.2495,13.1092,26.060000000000002,23,66,5.44,NE,1712547385
283,lashkar gah,31.5938,64.3716,25.110000000000014,16,99,0.77,AF,1712547899
284,olyokminsk,60.3736,120.4264,-0.5,62,44,4.16,RU,1712547900
285,hithadhoo,-0.6,73.0833,28.870000000000005,72,97,1.2,MV,1712547363
286,shalqar,47.8333,59.6,8.730000000000018,69,40,7.15,KZ,1712547900
287,taro,-8.3862,115.28,27.0,68,100,1.31,ID,1712547900
288,jiwani,25.05,61.7417,26.260000000000048,60,5,4.24,PK,1712547900
289,sambalpur,21.45,83.9667,26.220000000000027,51,100,1.47,IN,1712547900
290,abepura,-2.6333,140.5833,27.450000000000045,89,40,2.57,ID,1712547900
291,novoagansk,61.9449,76.6625,-3.17999999999995,80,100,8.58,RU,1712547870
292,comodoro rivadavia,-45.8667,-67.5,12.920000000000016,38,0,4.63,AR,1712547721
293,portage la prairie,49.9728,-98.2926,7.5400000000000205,69,95,4.75,CA,1712547753
294,larroque,-33.036,-59.0013,14.330000000000041,92,1,2.72,AR,1712547901
295,roxas,11.5853,122.7511,29.460000000000036,61,94,4.2,PH,1712547901
296,nova olimpia,-14.7972,-57.2881,23.650000000000034,95,100,1.58,BR,1712547901
297,haimen,23.1935,116.6142,21.939999999999998,82,93,0.69,CN,1712547901
298,codrington,-38.2667,141.9667,14.550000000000011,74,100,8.13,AU,1712547357
299,savanna-la-mar,18.219,-78.1332,25.52000000000004,91,5,1.44,JM,1712547901
300,peniche,39.3558,-9.3811,15.720000000000027,92,86,9.39,PT,1712547628
301,posto fiscal rolim de moura,-13.0833,-62.2667,23.49000000000001,99,100,1.27,BR,1712547791
302,ta`u,-14.2336,-169.5144,29.5,76,63,4.98,AS,1712547508
303,aasiaat,68.7098,-52.8699,-8.839999999999975,96,98,2.13,GL,1712547184
304,dawson creek,55.7666,-120.2362,5.800000000000011,39,0,5.14,CA,1712547902
305,el bauga,18.262,33.9081,20.310000000000002,13,97,5.73,SD,1712547902
306,quellon,-43.1167,-73.6167,8.520000000000039,92,100,2.67,CL,1712547554
307,bengkulu,-3.8004,102.2655,29.32000000000005,70,88,2.67,ID,1712547902
308,nar'yan-mar,67.6713,53.087,-11.609999999999957,90,63,4.92,RU,1712547366
309,viseu,40.661,-7.9097,11.590000000000032,88,95,3.97,PT,1712547902
310,sitia,35.2,26.0986,17.77000000000004,76,22,7.9,GR,1712547903
311,colonia,50.9333,6.95,14.050000000000011,86,0,4.63,DE,1712547512
312,rezh,57.37,61.4043,1.7300000000000182,98,100,2.47,RU,1712547903
313,petawawa,45.9001,-77.3328,1.4399999999999977,74,1,0.86,CA,1712547903
314,darovskoy,58.77,47.9564,0.160000000000025,91,100,4.78,RU,1712547340
315,miguel ahumada,30.6167,-106.5167,16.82000000000005,15,6,2.11,MX,1712547903
316,karratha,-20.7377,116.8463,34.72000000000003,16,100,9.84,AU,1712547528
317,qingyang,37.4958,121.2581,13.470000000000027,60,82,4.5,CN,1712547640
318,sisimiut,66.9395,-53.6735,-7.359999999999957,89,98,4.08,GL,1712547564
319,charters towers,-20.1,146.2667,32.69,32,97,2.77,AU,1712547355
320,tyukhtet,56.5389,89.3011,-1.7099999999999795,58,78,4.19,RU,1712547539
321,adrar,20.5022,-10.0711,23.260000000000048,29,0,6.07,MR,1712547905
322,nova sintra,14.8667,-24.7167,23.27000000000004,75,0,9.6,CV,1712547386
323,semirom,31.4167,51.5667,6.3700000000000045,66,6,2.23,IR,1712547905
324,tagta,41.6504,59.9164,14.970000000000027,63,0,4.12,TM,1712547905
325,poronaysk,49.2167,143.1167,0.9800000000000182,89,99,5.92,RU,1712547906
326,la'ie,21.6477,-157.9253,26.980000000000018,73,10,4.02,US,1712547339
327,deogarh,21.5333,84.7333,26.090000000000032,50,100,1.99,IN,1712547906
328,bamboo flat,11.7,92.7167,32.05000000000001,66,20,1.03,IN,1712547249
329,saldanha,-33.0117,17.9442,14.03000000000003,94,81,2.96,ZA,1712547375
330,carolina beach,34.0352,-77.8936,13.03000000000003,87,100,2.11,US,1712547784
331,coyhaique,-45.5752,-72.0662,7.340000000000032,75,0,2.57,CL,1712547906
332,ducheng,23.2373,111.5317,19.960000000000036,92,100,1.36,CN,1712547906
333,sao joao da barra,-21.6403,-41.0511,23.5,81,0,2.58,BR,1712547496
334,hami,42.8,93.45,16.24000000000001,22,100,2.15,CN,1712547223
335,westport,41.1415,-73.3579,6.8700000000000045,80,0,2.06,US,1712547542
336,ruidoso,33.3317,-105.673,6.9500000000000455,16,0,4.63,US,1712547789
337,zarghun shahr,32.8473,68.4457,13.510000000000048,28,0,0.91,AF,1712547907
338,acapulco de juarez,16.8634,-99.8901,24.900000000000034,88,0,2.57,MX,1712547109
339,rong kwang,18.339,100.3174,33.710000000000036,27,3,2.91,TH,1712547907
340,laguna,38.421,-121.4238,15.080000000000041,52,0,1.54,US,1712547338
341,cassilandia,-19.1133,-51.7342,23.640000000000043,83,100,1.49,BR,1712547907
342,venado tuerto,-33.7456,-61.9688,16.54000000000002,85,0,3.44,AR,1712547749
343,kabala,9.5833,-11.55,24.090000000000032,79,99,0.89,SL,1712547908
344,tobelo,1.7284,128.0095,29.060000000000002,72,94,3.33,ID,1712547515
345,guingamp,48.4167,-3.3333,8.960000000000036,98,100,3.85,FR,1712547908
346,puerto leguizamo,-0.1934,-74.7819,23.439999999999998,95,100,0.38,CO,1712547908
347,koungou,-12.7336,45.2042,28.840000000000032,89,40,3.09,YT,1712547908
348,vorgashor,67.5833,63.95,-12.329999999999984,96,99,6.2,RU,1712547153
349,arivonimamo,-19.0167,47.1833,15.03000000000003,84,45,1.43,MG,1712547908
350,daru,-9.0763,143.2092,29.680000000000007,73,100,3.58,PG,1712547344
351,kerikeri,-35.2268,173.9474,21.620000000000005,73,41,3.6,NZ,1712547352
352,the pas,53.8251,-101.2541,7.010000000000048,49,0,5.14,CA,1712547909
353,ikungi,-5.1333,34.7667,15.650000000000034,98,96,2.54,TZ,1712547909
354,opuwo,-18.0607,13.84,18.420000000000016,47,46,0.95,NA,1712547625
355,ficarazzi,38.0897,13.4681,16.420000000000016,39,5,0.45,IT,1712547909
356,drohobych,49.3499,23.5056,11.150000000000034,75,99,2.11,UA,1712547909
357,shingu,33.7333,135.9833,16.83000000000004,95,100,2.65,JP,1712547383
358,broken hill,-31.95,141.4333,21.100000000000023,37,9,4.29,AU,1712547270
359,tsiombe,-25.3,45.4833,21.360000000000014,85,100,5.76,MG,1712547199
360,brisas de zicatela,15.8369,-97.0419,26.810000000000002,73,0,3.08,MX,1712547396
361,palma soriano,20.2172,-75.9989,25.480000000000018,93,43,0.59,CU,1712547909
362,alofi,-19.0595,-169.9187,26.939999999999998,83,75,6.17,NU,1712547358
363,suoyarvi,62.0833,32.35,2.07000000000005,100,100,5.06,RU,1712547910
364,labrador city,52.9463,-66.9114,0.9500000000000455,64,100,0.0,CA,1712547357
365,flin flon,54.7682,-101.865,1.2800000000000296,94,97,2.49,CA,1712547910
366,koryazhma,61.3143,47.1691,0.07000000000005002,95,100,4.81,RU,1712547910
367,thunder bay,48.4001,-89.3168,4.990000000000009,52,100,4.63,CA,1712547398
368,boa vista,2.8197,-60.6733,28.99000000000001,58,0,2.06,BR,1712547541
369,hovd,48.0056,91.6419,9.470000000000027,45,100,2.08,MN,1712547369
370,al jawf,29.5,38.75,14.950000000000045,52,0,3.45,SA,1712547911
371,colchani,-20.3,-66.9333,13.360000000000014,60,82,4.63,BO,1712547911
372,acarau,-2.8856,-40.12,24.689999999999998,93,100,2.64,BR,1712547358
373,rudnichnyy,59.617,52.4703,-2.0399999999999636,75,100,2.74,RU,1712547911
374,sake,-1.5736,29.045,17.360000000000014,95,92,0.76,CD,1712547376
375,aioi,34.8036,134.4681,15.430000000000007,83,100,1.37,JP,1712547911
376,weno,7.4515,151.8468,30.970000000000027,79,100,2.57,FM,1712547214
377,bandar abbas,27.1865,56.2808,22.99000000000001,73,75,2.06,IR,1712547388
378,chebba,35.2372,11.115,16.950000000000045,58,66,3.7,TN,1712547911
379,holualoa,19.6228,-155.9522,23.910000000000025,79,75,4.12,US,1712547341
380,susuman,62.7833,148.1667,-10.569999999999993,72,47,0.89,RU,1712547349
381,ponca city,36.707,-97.0856,13.980000000000018,35,0,3.09,US,1712547912
382,vilyuchinsk,52.9306,158.4028,6.150000000000034,93,94,1.01,RU,1712547340
383,jumla,29.2747,82.1838,14.770000000000039,16,0,1.76,NP,1712547912
384,crystal city,28.6775,-99.8281,19.060000000000002,59,0,0.0,US,1712547616
385,east london,-33.0153,27.9116,18.52000000000004,82,0,3.09,ZA,1712547348
386,concepcion,-36.827,-73.0498,14.890000000000043,88,0,4.63,CL,1712547714
387,salekhard,66.53,66.6019,-11.449999999999989,94,22,3.58,RU,1712547530
388,avellaneda,-29.1176,-59.6583,18.900000000000034,88,100,1.79,AR,1712547913
389,bela,25.9333,81.9833,35.47000000000003,7,34,1.7,IN,1712547913
390,rayong,12.8333,101.4333,36.08000000000004,47,11,4.21,TH,1712547913
391,praia da vitoria,38.7333,-27.0667,14.860000000000014,94,75,2.03,PT,1712547201
392,al fuwayliq,26.4432,43.2534,22.77000000000004,33,24,4.47,SA,1712547913
393,carrigaline,51.8117,-8.3986,6.860000000000014,93,75,1.03,IE,1712547913
394,nanao,37.05,136.9667,23.480000000000018,55,100,2.17,JP,1712547913
395,uglegorsk,49.0833,142.0333,4.220000000000027,54,100,1.67,RU,1712547913
396,port macquarie,-31.4333,152.9167,27.720000000000027,64,77,3.63,AU,1712547352
397,gamay,12.3854,125.2979,28.480000000000018,75,73,3.15,PH,1712547914
398,eyl,7.9803,49.8164,28.370000000000005,67,100,4.32,SO,1712547914
399,bhadohi,25.4167,82.5667,31.0,13,0,2.2,IN,1712547914
400,visby,57.6409,18.296,10.120000000000005,71,100,5.14,SE,1712547694
401,wanning,18.8003,110.3967,30.189999999999998,63,29,5.14,CN,1712547914
402,altai,46.3722,96.2583,2.0400000000000205,64,100,1.6,MN,1712547914
403,slave lake,55.2834,-114.769,3.990000000000009,56,0,1.03,CA,1712547400
404,mutuali,-14.8706,37.0044,19.860000000000014,96,100,0.94,MZ,1712547914
405,charnay-les-macon,46.3075,4.7848,12.379999999999995,83,45,0.75,FR,1712547914
406,alice springs,-23.7,133.8833,26.75,19,23,6.69,AU,1712547335
407,rozhyshche,50.9154,25.2691,11.870000000000005,87,100,3.73,UA,1712547915
408,kasongo-lunda,-6.4667,16.8167,21.100000000000023,99,96,0.92,CD,1712547915
409,campos belos,-13.0367,-46.7717,21.32000000000005,94,40,0.97,BR,1712547915
410,tokar,18.4254,37.729,26.170000000000016,63,92,4.3,SD,1712547395
411,kushtia,23.9011,89.1221,35.55000000000001,22,75,4.88,BD,1712547915
412,yaren,-0.5472,166.916,28.350000000000023,78,85,6.25,NR,1712547521
413,richards bay,-28.783,32.0377,19.0,87,99,2.08,ZA,1712547339
414,chita,52.0333,113.55,3.9399999999999977,13,13,1.0,RU,1712547916
415,techiman,7.5862,-1.9414,23.060000000000002,92,65,2.42,GH,1712547916
416,burang,30.25,81.1667,-5.7099999999999795,49,1,1.48,CN,1712547215
417,waddan,29.1614,16.139,14.970000000000027,38,0,0.61,LY,1712547916
418,awjilah,29.1081,21.2869,14.600000000000023,75,0,4.67,LY,1712547339
419,tieli,46.95,128.05,0.09000000000003183,23,100,7.1,CN,1712547916
420,merizo village,13.2658,144.6691,30.879999999999995,78,34,7.86,GU,1712547916
421,guateque,5.0062,-73.4727,13.200000000000045,94,86,1.08,CO,1712547916
422,fort st. john,56.2499,-120.8529,4.939999999999998,42,75,10.8,CA,1712547303
423,contamana,-7.3333,-75.0167,23.810000000000002,92,54,0.75,PE,1712547917
424,island harbour,50.724,-1.2758,11.07000000000005,89,100,2.24,GB,1712547493
425,djambala,-2.5447,14.7533,19.960000000000036,98,100,1.7,CG,1712547398
426,zheleznodorozhnyy,55.7503,38.0042,9.490000000000009,97,100,2.24,RU,1712547868
427,dunedin,-45.8742,170.5036,16.0,73,100,1.79,NZ,1712547385
428,gaspe,48.8334,-64.4819,0.9500000000000455,93,0,1.54,CA,1712547750
429,concordia,-31.393,-58.0209,17.100000000000023,96,60,2.47,AR,1712547401
430,lazaro cardenas,17.9583,-102.2,22.80000000000001,82,14,2.0,MX,1712547357
431,neryungri,56.6709,124.6491,-8.779999999999973,80,82,1.51,RU,1712547917
432,fale old settlement,-9.3852,-171.2468,30.07000000000005,70,5,2.56,TK,1712547337
433,swift current,50.2834,-107.8014,5.4500000000000455,87,100,6.17,CA,1712547918
434,bathsheba,13.2167,-59.5167,27.340000000000032,78,20,3.6,BB,1712547918
435,dzilam gonzalez,21.2833,-88.9333,25.52000000000004,62,0,3.86,MX,1712547918
436,amga,60.8953,131.9608,-3.4599999999999795,82,100,2.97,RU,1712547371
437,mount gambier,-37.8333,140.7667,14.03000000000003,76,100,4.83,AU,1712547344
438,grinnell,41.743,-92.7224,15.990000000000009,48,100,4.63,US,1712547918
439,lianyuan,27.6883,111.6642,16.55000000000001,81,100,1.28,CN,1712547918
440,berbera,10.4396,45.0143,27.680000000000007,79,14,1.29,SO,1712547918
441,kot sultan,30.7737,70.9313,30.390000000000043,13,0,1.81,PK,1712547918
442,mournies,35.4764,24.0092,16.57000000000005,77,75,8.23,GR,1712547919
443,kralendijk,12.15,-68.2667,27.99000000000001,78,52,8.23,BQ,1712547235
444,enewetak,11.3474,162.3373,27.53000000000003,79,50,8.44,MH,1712547158
445,frontera,26.9333,-101.45,22.720000000000027,28,51,0.89,MX,1712547919
446,muslyumovo,55.3033,53.1947,2.490000000000009,75,100,2.96,RU,1712547919
447,tangalle,6.024,80.7911,30.090000000000032,65,100,1.72,LK,1712547357
448,berdigestyakh,62.0989,126.6992,-4.339999999999975,80,94,3.27,RU,1712547383
449,ichinoseki,38.9167,141.1333,17.82000000000005,81,100,3.77,JP,1712547919
450,san patricio,28.017,-97.5169,23.920000000000016,94,100,3.59,US,1712547362
451,mareeba,-17.0,145.4333,32.47000000000003,61,100,1.26,AU,1712547919
452,ponta delgada,37.7333,-25.6667,14.400000000000034,94,40,3.6,PT,1712547354
453,wynyard,-41.0,145.7167,15.340000000000032,71,100,5.83,AU,1712547920
454,zermatt,46.0213,7.7491,9.75,43,100,10.8,CH,1712547920
455,zhangye,38.9342,100.4517,13.689999999999998,19,20,4.0,CN,1712547920
456,klaksvik,62.2266,-6.589,8.510000000000048,94,97,12.14,FO,1712547921
457,altay,47.8667,88.1167,9.060000000000002,47,14,2.06,CN,1712547921
458,usinsk,65.9939,57.5281,-9.399999999999977,88,88,5.36,RU,1712547498
459,nadi,-17.8,177.4167,30.0,66,75,5.14,FJ,1712547560
460,fisterra,42.9049,-9.2629,12.640000000000043,85,89,9.55,ES,1712547363
461,plastun,44.7561,136.2939,10.390000000000043,24,28,5.89,RU,1712547921
462,kayangel,8.0823,134.7173,28.410000000000025,75,48,6.8,PW,1712547921
463,al kharijah,25.4514,30.5464,15.730000000000018,31,0,1.06,EG,1712547635
464,ola,59.5833,151.2833,0.6299999999999955,82,100,11.94,RU,1712547345
465,tadine,-21.55,167.8833,26.680000000000007,72,100,4.96,NC,1712547358
466,princeville,45.7668,-61.2985,2.170000000000016,83,75,4.12,CA,1712547922
467,port maria,18.3685,-76.8895,28.980000000000018,97,12,3.15,JM,1712547922
468,camana,-16.6228,-72.7111,20.980000000000018,91,100,2.79,PE,1712547922
469,maria aurora,15.7967,121.4737,30.870000000000005,65,76,2.65,PH,1712547922
470,swakopmund,-22.6833,14.5333,12.770000000000039,89,0,3.04,NA,1712547922
471,portland,45.5234,-122.6762,10.330000000000041,88,100,2.57,US,1712547451
472,ciudad lazaro cardenas,17.9583,-102.2,22.80000000000001,82,14,2.0,MX,1712547382
473,bangkalan,-7.0455,112.7351,27.970000000000027,73,82,1.69,ID,1712547923
474,adis zemen,12.1167,37.7833,19.400000000000034,43,40,0.22,ET,1712547923
475,san marcos,33.1434,-117.1661,12.78000000000003,79,40,2.06,US,1712547774
476,shenjiamen,29.9576,122.298,12.430000000000007,99,100,3.88,CN,1712547923
477,coronel suarez,-37.4547,-61.9334,14.230000000000018,75,62,3.26,AR,1712547903
478,muynoq,43.7683,59.0214,13.680000000000007,44,100,5.78,UZ,1712547923
479,vilyuysk,63.7553,121.6247,-4.439999999999998,92,100,1.79,RU,1712547164
480,camden,39.7835,-74.9663,8.470000000000027,81,17,1.06,US,1712547870
481,mariental,-24.6333,17.9667,11.79000000000002,52,0,3.17,NA,1712547593
482,lhokseumawe,5.1801,97.1507,31.260000000000048,61,88,2.93,ID,1712547923
483,aykhal,66.0,111.5,-9.689999999999998,55,3,1.47,RU,1712547529
484,bei'an,24.5399,109.533,20.460000000000036,73,98,3.01,CN,1712547519
485,san pedro,14.35,121.0167,32.57000000000005,64,20,3.6,PH,1712547098
486,sovetskaya gavan',48.9723,140.2878,6.730000000000018,62,73,3.35,RU,1712547924
487,cooma,-36.2333,149.1333,17.129999999999995,39,10,5.7,AU,1712547924
488,bastos,-21.9219,-50.7339,23.5,75,100,2.32,BR,1712547719
489,biloela,-24.4167,150.5,30.600000000000023,39,11,4.54,AU,1712547543
490,olinda,-8.0089,-34.8553,28.850000000000023,74,40,4.12,BR,1712547370
491,keelung,25.1283,121.7419,25.05000000000001,92,100,4.03,TW,1712547662
492,aswan,24.0934,32.907,18.220000000000027,28,0,2.22,EG,1712547370
493,sinabang,2.4803,96.3801,30.010000000000048,71,87,0.62,ID,1712547541
494,san fernando de apure,7.8878,-67.4724,30.450000000000045,46,87,1.15,VE,1712547793
495,mugia,43.1041,-9.2179,12.730000000000018,88,84,9.71,ES,1712547538
496,tual,-5.6667,132.75,28.78000000000003,77,100,4.23,ID,1712547925
497,nikolayevsk-on-amure,53.1406,140.73,-0.4399999999999977,93,99,3.13,RU,1712547352
498,san sebastian de la gomera,28.0916,-17.1133,18.54000000000002,63,0,1.03,ES,1712547925
499,kabin buri,13.9511,101.7177,36.09000000000003,100,56,3.61,TH,1712547925
500,sangin,32.0728,64.8359,24.160000000000025,17,80,4.1,AF,1712547925
501,magadi,12.9667,77.2333,32.43000000000001,41,12,3.15,IN,1712547925
502,port blair,11.6667,92.75,32.02000000000004,66,20,1.03,IN,1712547601
503,kristiansund,63.1115,7.732,6.360000000000014,70,75,3.09,NO,1712547617
504,katsuura,35.1333,140.3,17.350000000000023,94,100,4.27,JP,1712547310
505,dieppe,49.75,1.1667,10.180000000000007,94,100,3.2,FR,1712547791
506,pervomayskiy,53.2485,40.2871,9.050000000000011,88,100,2.66,RU,1712547926
507,ust'-kut,56.7938,105.7672,0.2400000000000091,98,100,4.47,RU,1712547501
508,al bawiti,28.3492,28.8659,15.340000000000032,44,0,1.78,EG,1712547338
509,lakhipur,26.0299,90.3041,33.420000000000016,28,46,4.1,IN,1712547926
510,tezu,27.9167,96.1667,27.850000000000023,48,95,0.4,IN,1712547926
511,okondja,-0.6549,13.6753,21.58000000000004,99,100,0.51,GA,1712547927
512,aral,40.5156,81.2636,16.310000000000002,29,0,2.73,CN,1712547927
513,anicuns,-16.4611,-49.9617,20.100000000000023,96,92,1.68,BR,1712547927
514,altus,34.6381,-99.334,14.430000000000007,36,0,5.14,US,1712547927
515,paseh,-7.1026,107.7641,30.450000000000045,47,10,1.44,ID,1712547927
516,morondava,-20.2833,44.2833,25.840000000000032,82,79,3.15,MG,1712547356
517,shakawe,-18.3667,21.85,18.980000000000018,92,85,1.95,BW,1712547532
518,san isidro,-12.1167,-77.05,23.900000000000034,78,0,4.63,PE,1712547077
519,nova vicosa,-17.8919,-39.3719,25.220000000000027,80,98,3.37,BR,1712547338
520,pisek,49.3088,14.1475,13.990000000000009,62,100,2.52,CZ,1712547928
521,port saint john's,-31.6229,29.5448,20.710000000000036,79,100,7.14,ZA,1712547508
522,qamdo,31.1667,97.2333,4.2000000000000455,51,100,4.23,CN,1712547928
523,bukoba,-1.3317,31.8122,18.610000000000014,94,99,2.74,TZ,1712547928
524,warrenton,-28.114,24.8475,17.700000000000045,82,91,11.58,ZA,1712547928
525,buenaventura,3.8801,-77.0312,24.24000000000001,97,79,1.04,CO,1712547928
526,taoudenni,22.6783,-3.9836,28.950000000000045,11,38,0.73,ML,1712547249
527,mar del plata,-38.0023,-57.5575,17.710000000000036,85,0,5.81,AR,1712547155
528,yung shue wan,22.2333,114.1167,29.07000000000005,84,100,2.73,HK,1712547592
529,rongelap,11.1635,166.8941,27.200000000000045,81,100,9.0,MH,1712547349
530,lawrence,38.9717,-95.2353,17.410000000000025,36,0,5.66,US,1712547758
531,talcahuano,-36.7167,-73.1167,14.82000000000005,88,0,4.63,CL,1712547632
532,gamba,-2.65,10.0,24.77000000000004,92,100,1.99,GA,1712547929
533,penzance,50.1186,-5.5371,11.379999999999995,86,100,10.44,GB,1712547929
534,namsos,64.4662,11.4957,5.03000000000003,100,75,3.09,NO,1712547577
535,boyabat,41.4689,34.7667,8.29000000000002,69,93,2.3,TR,1712547929
536,barabai,-2.5833,115.3833,32.700000000000045,58,94,1.79,ID,1712547929
537,balqash,46.8481,74.995,12.330000000000041,54,0,3.0,KZ,1712547929
538,valparaiso,-33.0393,-71.6273,11.800000000000011,87,0,0.0,CL,1712547197
539,cururupu,-1.8283,-44.8683,22.600000000000023,100,99,0.25,BR,1712547930
540,cascais,38.6979,-9.4215,16.140000000000043,92,56,8.05,PT,1712547930
541,rabaul,-4.1967,152.1721,28.450000000000045,75,84,4.19,PG,1712547930
542,new martinsville,39.6445,-80.8576,6.300000000000011,76,47,1.75,US,1712547905
543,mili,6.0815,171.735,27.99000000000001,82,99,10.24,MH,1712547373
544,urbana,40.1106,-88.2073,9.950000000000045,91,0,4.63,US,1712547730
545,ad dilam,23.9915,47.1627,24.230000000000018,34,73,5.58,SA,1712547577
546,taroa,8.7058,171.2275,27.590000000000032,83,70,9.76,MH,1712547930
547,whakatane,-37.9585,176.9854,21.05000000000001,71,0,1.79,NZ,1712547393
548,lahad datu,5.0268,118.327,28.32000000000005,81,100,1.2,MY,1712547930
549,byaroza,52.5314,24.9786,10.850000000000023,80,100,3.28,BY,1712547930
550,sangsong-ni,39.1694,126.8856,20.5,31,95,2.15,KP,1712547931
551,sompeta,18.9333,84.6,31.860000000000014,46,0,4.0,IN,1712547931
552,umm kaddadah,13.6017,26.6876,21.620000000000005,17,6,5.24,SD,1712547186
553,harper,4.375,-7.7169,27.340000000000032,82,62,1.71,LR,1712547931
554,palmer,42.1584,-72.3287,4.9500000000000455,84,0,0.0,US,1712547652
555,newman,37.3138,-121.0208,12.990000000000009,75,7,1.34,US,1712547533
556,bodo,67.28,14.405,5.020000000000039,96,75,8.23,NO,1712547328
557,kharp,66.8014,65.8081,-11.829999999999984,87,32,2.73,RU,1712547931
558,gereida,11.2811,25.1414,22.379999999999995,17,55,2.62,SD,1712547931
559,karak,31.1667,35.75,10.610000000000014,70,1,1.62,JO,1712547932
560,saint clair,38.55,-89.9168,17.870000000000005,93,0,0.0,US,1712547881
561,lagunas,-5.2269,-75.6753,24.57000000000005,91,94,0.82,PE,1712547932
562,nuku'alofa,-21.1333,-175.2,28.189999999999998,74,40,7.72,TO,1712547637
563,cancun,21.1743,-86.8466,25.03000000000003,73,20,3.09,MX,1712547489
564,eloy,32.7559,-111.5548,18.0,30,20,2.46,US,1712547933
565,boundiali,9.5217,-6.4869,23.180000000000007,78,91,2.54,CI,1712547933
566,pasuquin,18.3328,120.6177,31.970000000000027,58,20,3.6,PH,1712547390
567,glendive,47.1053,-104.7125,4.7900000000000205,93,100,3.09,US,1712547933
568,tanumah,27.1,44.1333,23.02000000000004,57,9,4.77,SA,1712547934
569,antofagasta,-23.65,-70.4,18.600000000000023,87,69,2.13,CL,1712547344
570,khovd,48.0056,91.6419,9.470000000000027,45,100,2.08,MN,1712547369
